user,ms,bytes,status
1,10.25475,19409,200
21,13.571709,19896,200
41,7.19125,19896,200
61,18.785541,19896,200
81,13.446709,19896,200
1,10.066208,19409,200
21,8.663958,19896,200
41,7.131416,19896,200
61,9.216,19896,200
81,10.794791,19896,200
1,9.651375,19409,200
21,7.574959,19896,200
41,13.053375,19896,200
61,9.923166,19896,200
81,8.145958,19896,200
1,13.345375,19409,200
21,8.531583,19896,200
41,7.44375,19896,200
61,6.6465,19896,200
81,6.397042,19896,200
1,7.91125,19409,200
21,7.565167,19896,200
41,15.130583,19896,200
61,8.817,19896,200
81,9.301166,19896,200
1,10.760917,19409,200
21,14.114542,19896,200
41,15.232417,19896,200
61,9.098292,19896,200
81,7.36875,19896,200
1,9.828917,19409,200
21,8.862125,19896,200
41,10.524875,19896,200
61,9.815125,19896,200
81,8.374209,19896,200
1,9.381792,19409,200
21,8.392292,19896,200
41,11.235,19896,200
61,13.386833,19896,200
81,6.971334,19896,200
1,6.885334,19409,200
21,15.309583,19896,200
41,13.841583,19896,200
61,18.198208,19896,200
81,7.919041,19896,200
1,13.135708,19409,200
21,9.899167,19896,200
41,9.671625,19896,200
61,10.740458,19896,200
81,9.300583,19896,200
2,11.273125,19596,200
22,13.331167,19896,200
42,11.096917,19896,200
62,20.881,19896,200
82,9.02825,19896,200
2,7.636708,19596,200
22,5.958667,19896,200
42,8.671333,19896,200
62,9.539333,19896,200
82,10.982791,19896,200
2,10.384666,19596,200
22,7.549583,19896,200
42,11.059625,19896,200
62,8.196208,19896,200
82,10.372042,19896,200
2,13.749542,19596,200
22,7.749333,19896,200
42,8.632708,19896,200
62,6.376958,19896,200
82,7.680833,19896,200
2,9.46375,19596,200
22,12.816958,19896,200
42,12.683792,19896,200
62,9.873709,19896,200
82,9.910792,19896,200
2,14.142333,19596,200
22,12.934708,19896,200
42,9.164916,19896,200
62,9.067333,19896,200
82,8.504625,19896,200
2,11.471334,19596,200
22,9.23225,19896,200
42,11.067625,19896,200
62,8.70725,19896,200
82,10.177,19896,200
2,9.1495,19596,200
22,10.022209,19896,200
42,12.366166,19896,200
62,8.203792,19896,200
82,8.549042,19896,200
2,16.417042,19596,200
22,12.763917,19896,200
42,18.718875,19896,200
62,11.976709,19896,200
82,12.243875,19896,200
2,10.662208,19596,200
22,10.049166,19896,200
42,10.346583,19896,200
62,10.387833,19896,200
82,4.787417,19896,200
3,13.124416,19645,200
23,11.927209,19896,200
43,10.887917,19896,200
63,18.897834,19896,200
83,11.09375,19896,200
3,7.695083,19645,200
23,8.455333,19896,200
43,9.674541,19896,200
63,9.049416,19896,200
83,11.239333,19896,200
3,9.993375,19645,200
23,8.451959,19896,200
43,12.281166,19896,200
63,9.988709,19896,200
83,12.10825,19896,200
3,10.154416,19645,200
23,6.371833,19896,200
43,6.143292,19896,200
63,6.800125,19896,200
83,6.51625,19896,200
3,9.582833,19645,200
23,12.549334,19896,200
43,12.111,19896,200
63,11.588042,19896,200
83,10.497833,19896,200
3,10.858959,19645,200
23,15.246,19896,200
43,7.98675,19896,200
63,10.597666,19896,200
83,8.304042,19896,200
3,12.636834,19645,200
23,6.019792,19896,200
43,11.630416,19896,200
63,7.53025,19896,200
83,10.1265,19896,200
3,8.771625,19645,200
23,10.447917,19896,200
43,12.817208,19896,200
63,7.033125,19896,200
83,8.997375,19896,200
3,11.852459,19645,200
23,10.776625,19896,200
43,10.1615,19896,200
63,17.514709,19896,200
83,8.913458,19896,200
3,11.7405,19645,200
23,10.339625,19896,200
43,8.364459,19896,200
63,9.118792,19896,200
83,10.095708,19896,200
4,12.328958,19645,200
24,13.68325,19896,200
44,20.440167,19896,200
64,16.720166,19896,200
84,9.518625,19896,200
4,9.073292,19645,200
24,7.713833,19896,200
44,6.780708,19896,200
64,8.978917,19896,200
84,9.064917,19896,200
4,8.2655,19645,200
24,9.0145,19896,200
44,10.116042,19896,200
64,10.609709,19896,200
84,10.5665,19896,200
4,11.293833,19645,200
24,6.902542,19896,200
44,9.554125,19896,200
64,6.391792,19896,200
84,7.482458,19896,200
4,8.256583,19645,200
24,18.597,19896,200
44,9.481958,19896,200
64,7.963167,19896,200
84,10.482167,19896,200
4,11.484958,19645,200
24,14.552375,19896,200
44,8.425959,19896,200
64,6.233166,19896,200
84,8.580542,19896,200
4,12.790291,19645,200
24,7.684792,19896,200
44,10.19575,19896,200
64,7.483625,19896,200
84,8.820375,19896,200
4,8.749666,19645,200
24,8.311791,19896,200
44,9.293041,19896,200
64,11.406958,19896,200
84,7.728584,19896,200
4,8.995292,19645,200
24,13.320917,19896,200
44,11.842167,19896,200
64,12.597375,19896,200
84,12.050541,19896,200
4,10.786542,19645,200
24,14.647792,19896,200
44,6.808875,19896,200
64,10.145334,19896,200
84,8.699208,19896,200
5,10.361958,19645,200
25,16.313875,19896,200
45,15.984083,19896,200
65,14.546917,19896,200
85,10.261709,19896,200
5,8.115334,19645,200
25,6.802792,19896,200
45,7.676375,19896,200
65,7.56325,19896,200
85,11.215041,19896,200
5,8.021583,19645,200
25,9.789708,19896,200
45,11.010708,19896,200
65,7.577125,19896,200
85,9.345333,19896,200
5,14.564917,19645,200
25,8.535125,19896,200
45,8.152208,19896,200
65,5.569542,19896,200
85,7.00075,19896,200
5,7.640292,19645,200
25,8.022667,19896,200
45,15.391583,19896,200
65,10.598667,19896,200
85,9.206291,19896,200
5,8.862083,19645,200
25,14.037167,19896,200
45,15.584583,19896,200
65,8.289209,19896,200
85,8.008708,19896,200
5,15.342667,19645,200
25,8.524417,19896,200
45,11.872125,19896,200
65,8.132583,19896,200
85,8.85525,19896,200
5,9.902625,19645,200
25,7.638167,19896,200
45,10.257458,19896,200
65,11.24,19896,200
85,9.033333,19896,200
5,12.22675,19645,200
25,8.936833,19896,200
45,9.202916,19896,200
65,11.688583,19896,200
85,13.28625,19896,200
5,10.510875,19645,200
25,13.603375,19896,200
45,8.893459,19896,200
65,9.145959,19896,200
85,8.748208,19896,200
6,12.542917,19645,200
26,14.432083,19896,200
46,19.11425,19896,200
66,12.727208,19896,200
86,9.781375,19896,200
6,8.700166,19645,200
26,6.391334,19896,200
46,8.653,19896,200
66,12.05375,19896,200
86,7.766375,19896,200
6,8.362875,19645,200
26,8.4655,19896,200
46,10.154292,19896,200
66,9.387416,19896,200
86,10.749042,19896,200
6,12.513083,19645,200
26,7.729917,19896,200
46,9.849417,19896,200
66,7.335334,19896,200
86,7.864917,19896,200
6,7.815458,19645,200
26,10.941292,19896,200
46,10.234875,19896,200
66,9.093667,19896,200
86,11.055959,19896,200
6,6.543666,19645,200
26,9.616,19896,200
46,14.69575,19896,200
66,8.686291,19896,200
86,7.252792,19896,200
6,6.636667,19645,200
26,12.886709,19896,200
46,7.297958,19896,200
66,12.395041,19896,200
86,9.35975,19896,200
6,9.453833,19645,200
26,9.1775,19896,200
46,11.021792,19896,200
66,11.413875,19896,200
86,7.126084,19896,200
6,8.289542,19645,200
26,12.500042,19896,200
46,10.695458,19896,200
66,9.074209,19896,200
86,18.0935,19896,200
6,8.971459,19645,200
26,15.199625,19896,200
46,10.871834,19896,200
66,7.142625,19896,200
86,9.372125,19896,200
7,9.526541,19645,200
27,17.052958,19896,200
47,19.692541,19896,200
67,12.831125,19896,200
87,10.917541,19896,200
7,8.149917,19645,200
27,8.988375,19896,200
47,9.166958,19896,200
67,10.493875,19896,200
87,8.850333,19896,200
7,8.418833,19645,200
27,8.470834,19896,200
47,11.034542,19896,200
67,10.879083,19896,200
87,13.487625,19896,200
7,7.848459,19645,200
27,7.842375,19896,200
47,6.457,19896,200
67,9.174125,19896,200
87,8.384708,19896,200
7,7.701834,19645,200
27,12.589042,19896,200
47,8.028125,19896,200
67,8.507,19896,200
87,10.870167,19896,200
7,11.125459,19645,200
27,14.945958,19896,200
47,7.652,19896,200
67,9.994792,19896,200
87,8.775333,19896,200
7,12.333292,19645,200
27,7.801959,19896,200
47,11.228542,19896,200
67,9.469542,19896,200
87,8.313083,19896,200
7,7.55775,19645,200
27,8.018625,19896,200
47,8.553375,19896,200
67,15.053625,19896,200
87,7.483792,19896,200
7,7.624041,19645,200
27,12.873333,19896,200
47,14.826708,19896,200
67,14.297042,19896,200
87,9.056,19896,200
7,15.126417,19645,200
27,8.470792,19896,200
47,7.671167,19896,200
67,10.391292,19896,200
87,9.558709,19896,200
8,11.085875,19645,200
28,13.649792,19896,200
48,19.67125,19896,200
68,13.155708,19896,200
88,10.821125,19896,200
8,8.407542,19645,200
28,7.089875,19896,200
48,7.837292,19896,200
68,12.155416,19896,200
88,9.365917,19896,200
8,7.862708,19645,200
28,9.585666,19896,200
48,11.309625,19896,200
68,9.061334,19896,200
88,9.948416,19896,200
8,10.87675,19645,200
28,7.79075,19896,200
48,9.386542,19896,200
68,6.834834,19896,200
88,6.883542,19896,200
8,8.498083,19645,200
28,12.235583,19896,200
48,9.729,19896,200
68,7.68,19896,200
88,9.363333,19896,200
8,8.332458,19645,200
28,10.095583,19896,200
48,15.761167,19896,200
68,8.610333,19896,200
88,7.445375,19896,200
8,11.344542,19645,200
28,10.286083,19896,200
48,9.761375,19896,200
68,10.111417,19896,200
88,9.862541,19896,200
8,8.939958,19645,200
28,9.989375,19896,200
48,12.736584,19896,200
68,10.320917,19896,200
88,7.246542,19896,200
8,8.426416,19645,200
28,13.007667,19896,200
48,10.509291,19896,200
68,10.133791,19896,200
88,13.807958,19896,200
8,12.596583,19645,200
28,15.536208,19896,200
48,7.809625,19896,200
68,10.746083,19896,200
88,8.556833,19896,200
9,9.650667,19645,200
29,16.66225,19896,200
49,19.780084,19896,200
69,12.652833,19896,200
89,9.876583,19896,200
9,7.414125,19645,200
29,6.328,19896,200
49,10.596292,19896,200
69,7.229041,19896,200
89,8.458583,19896,200
9,8.916209,19645,200
29,8.321417,19896,200
49,12.828292,19896,200
69,8.591583,19896,200
89,7.831917,19896,200
9,15.560375,19645,200
29,8.073167,19896,200
49,8.42775,19896,200
69,6.564083,19896,200
89,8.82975,19896,200
9,8.013292,19645,200
29,12.102542,19896,200
49,15.26975,19896,200
69,8.837542,19896,200
89,10.138458,19896,200
9,10.7155,19645,200
29,14.550542,19896,200
49,7.452333,19896,200
69,10.311541,19896,200
89,7.490875,19896,200
9,12.241459,19645,200
29,7.135542,19896,200
49,10.251917,19896,200
69,7.337458,19896,200
89,9.35725,19896,200
9,8.952583,19645,200
29,8.028542,19896,200
49,13.160542,19896,200
69,11.068583,19896,200
89,9.401,19896,200
9,13.102,19645,200
29,11.839042,19896,200
49,10.445666,19896,200
69,14.9265,19896,200
89,10.433125,19896,200
9,12.127667,19645,200
29,11.666708,19896,200
49,9.962458,19896,200
69,9.951916,19896,200
89,11.552,19896,200
10,12.790667,19696,200
30,13.461459,19896,200
50,17.063,19896,200
70,13.9535,19896,200
90,8.897666,19896,200
10,8.75675,19696,200
30,8.027917,19896,200
50,7.165375,19896,200
70,7.919875,19896,200
90,9.380958,19896,200
10,9.246583,19696,200
30,7.548792,19896,200
50,16.655208,19896,200
70,10.948917,19896,200
90,11.394333,19896,200
10,10.023791,19696,200
30,8.548334,19896,200
50,6.994584,19896,200
70,7.948375,19896,200
90,8.370709,19896,200
10,7.310875,19696,200
30,16.683917,19896,200
50,12.377584,19896,200
70,12.575291,19896,200
90,7.52925,19896,200
10,10.270333,19696,200
30,16.4665,19896,200
50,7.218542,19896,200
70,10.056334,19896,200
90,12.125166,19896,200
10,7.849375,19696,200
30,11.855334,19896,200
50,9.729083,19896,200
70,8.495292,19896,200
90,9.197,19896,200
10,9.260625,19696,200
30,7.817375,19896,200
50,10.669333,19896,200
70,7.386708,19896,200
90,8.501625,19896,200
10,13.0735,19696,200
30,9.625042,19896,200
50,11.073875,19896,200
70,15.70325,19896,200
90,10.913917,19896,200
10,11.492125,19696,200
30,8.488833,19896,200
50,10.016542,19896,200
70,10.067209,19896,200
90,10.010792,19896,200
11,11.767958,19846,200
31,13.114625,19896,200
51,19.847958,19896,200
71,13.883292,19896,200
91,11.951166,19896,200
11,7.389958,19846,200
31,6.575542,19896,200
51,9.034542,19896,200
71,12.684708,19896,200
91,9.866542,19896,200
11,9.424709,19846,200
31,10.909958,19896,200
51,7.939875,19896,200
71,8.468,19896,200
91,14.038375,19896,200
11,7.723917,19846,200
31,7.244334,19896,200
51,7.395333,19896,200
71,6.546416,19896,200
91,7.296625,19896,200
11,7.993584,19846,200
31,13.008834,19896,200
51,14.854833,19896,200
71,8.831584,19896,200
91,10.059209,19896,200
11,11.137583,19846,200
31,17.562292,19896,200
51,7.443209,19896,200
71,7.607083,19896,200
91,9.701542,19896,200
11,10.433625,19846,200
31,9.704166,19896,200
51,9.944375,19896,200
71,8.759042,19896,200
91,12.763417,19896,200
11,7.567875,19846,200
31,8.0825,19896,200
51,10.328958,19896,200
71,9.035875,19896,200
91,8.180459,19896,200
11,12.72425,19846,200
31,11.063958,19896,200
51,12.829667,19896,200
71,15.947041,19896,200
91,11.060125,19896,200
11,15.743042,19846,200
31,8.240708,19896,200
51,10.603458,19896,200
71,7.533625,19896,200
91,11.79375,19896,200
12,10.536542,19846,200
32,12.997291,19896,200
52,19.888042,19896,200
72,13.280917,19896,200
92,11.04175,19896,200
12,7.872584,19846,200
32,7.550917,19896,200
52,8.405041,19896,200
72,7.987292,19896,200
92,10.878166,19896,200
12,7.521542,19846,200
32,7.820584,19896,200
52,14.222708,19896,200
72,10.080791,19896,200
92,11.724167,19896,200
12,11.368125,19846,200
32,7.244083,19896,200
52,6.809417,19896,200
72,6.820125,19896,200
92,5.683,19896,200
12,7.631709,19846,200
32,12.500708,19896,200
52,12.794333,19896,200
72,10.578167,19896,200
92,8.12225,19896,200
12,10.063208,19846,200
32,10.288083,19896,200
52,13.668542,19896,200
72,8.808,19896,200
92,8.038458,19896,200
12,14.539542,19846,200
32,7.587459,19896,200
52,10.379,19896,200
72,7.868583,19896,200
92,8.927833,19896,200
12,8.708458,19846,200
32,8.626583,19896,200
52,11.467708,19896,200
72,11.50125,19896,200
92,9.240334,19896,200
12,7.372541,19846,200
32,14.196,19896,200
52,13.020042,19896,200
72,14.722625,19896,200
92,10.150375,19896,200
12,12.872875,19846,200
32,10.75125,19896,200
52,6.725208,19896,200
72,11.9215,19896,200
92,9.261333,19896,200
13,14.166291,19846,200
33,12.666542,19896,200
53,17.817125,19896,200
73,16.656584,19896,200
93,8.220625,19896,200
13,8.104709,19846,200
33,7.83775,19896,200
53,7.851542,19896,200
73,11.700917,19896,200
93,8.982042,19896,200
13,7.770584,19846,200
33,12.114,19896,200
53,8.226,19896,200
73,9.647125,19896,200
93,16.827125,19896,200
13,8.106875,19846,200
33,8.70475,19896,200
53,6.033459,19896,200
73,7.091084,19896,200
93,7.876208,19896,200
13,11.659542,19846,200
33,10.330084,19896,200
53,11.637083,19896,200
73,10.468417,19896,200
93,11.542083,19896,200
13,8.973459,19846,200
33,15.442833,19896,200
53,6.41675,19896,200
73,7.772417,19896,200
93,10.487125,19896,200
13,10.0025,19846,200
33,10.476791,19896,200
53,9.2625,19896,200
73,6.528042,19896,200
93,9.221541,19896,200
13,8.300625,19846,200
33,9.327958,19896,200
53,10.850042,19896,200
73,7.985042,19896,200
93,8.831333,19896,200
13,9.2605,19846,200
33,11.934375,19896,200
53,11.084,19896,200
73,11.316375,19896,200
93,12.745917,19896,200
13,7.820834,19846,200
33,11.266291,19896,200
53,8.608083,19896,200
73,10.346666,19896,200
93,10.5665,19896,200
14,11.83275,19846,200
34,14.235834,19896,200
54,15.470333,19896,200
74,14.11575,19896,200
94,10.411916,19896,200
14,7.1015,19846,200
34,7.281,19896,200
54,9.962,19896,200
74,10.401417,19896,200
94,8.0755,19896,200
14,9.635792,19846,200
34,9.450667,19896,200
54,10.514292,19896,200
74,12.544791,19896,200
94,9.776667,19896,200
14,9.911208,19846,200
34,6.436958,19896,200
54,9.89975,19896,200
74,11.424584,19896,200
94,7.730041,19896,200
14,12.713584,19846,200
34,9.965917,19896,200
54,8.853459,19896,200
74,8.204542,19896,200
94,11.033833,19896,200
14,11.729417,19846,200
34,15.658166,19896,200
54,6.50025,19896,200
74,8.93075,19896,200
94,9.812042,19896,200
14,10.3005,19846,200
34,7.010959,19896,200
54,9.134375,19896,200
74,9.846958,19896,200
94,8.633292,19896,200
14,9.920875,19846,200
34,7.885125,19896,200
54,8.648542,19896,200
74,10.137125,19896,200
94,11.064959,19896,200
14,6.828541,19846,200
34,13.327167,19896,200
54,14.063625,19896,200
74,17.075208,19896,200
94,8.39425,19896,200
14,13.732584,19846,200
34,10.2995,19896,200
54,10.68575,19896,200
74,10.530084,19896,200
94,10.603166,19896,200
15,14.353208,19846,200
35,11.755542,19896,200
55,17.176666,19896,200
75,14.743875,19896,200
95,9.641917,19896,200
15,7.556125,19846,200
35,7.616666,19896,200
55,10.260166,19896,200
75,11.902667,19896,200
95,8.7555,19896,200
15,7.767416,19846,200
35,11.545208,19896,200
55,10.47875,19896,200
75,9.035042,19896,200
95,15.893041,19896,200
15,7.247959,19846,200
35,7.901709,19896,200
55,5.539541,19896,200
75,8.30925,19896,200
95,7.319917,19896,200
15,7.4805,19846,200
35,14.076667,19896,200
55,8.648042,19896,200
75,8.636834,19896,200
95,10.034125,19896,200
15,10.317625,19846,200
35,14.22275,19896,200
55,7.866958,19896,200
75,10.343458,19896,200
95,7.897375,19896,200
15,10.814708,19846,200
35,6.979833,19896,200
55,10.214167,19896,200
75,8.9115,19896,200
95,9.053458,19896,200
15,11.002166,19846,200
35,7.976416,19896,200
55,9.942333,19896,200
75,13.32725,19896,200
95,9.767708,19896,200
15,11.740917,19846,200
35,11.125041,19896,200
55,10.290125,19896,200
75,16.598791,19896,200
95,9.438292,19896,200
15,12.612125,19846,200
35,10.735125,19896,200
55,8.014167,19896,200
75,9.684041,19896,200
95,9.803208,19896,200
16,12.559833,19846,200
36,13.6285,19896,200
56,18.39325,19896,200
76,12.950583,19896,200
96,9.307542,19896,200
16,8.822208,19846,200
36,7.856542,19896,200
56,8.682542,19896,200
76,11.443625,19896,200
96,7.950417,19896,200
16,8.158042,19846,200
36,10.163792,19896,200
56,8.437625,19896,200
76,11.251208,19896,200
96,16.084375,19896,200
16,9.057375,19846,200
36,7.391166,19896,200
56,7.900666,19896,200
76,8.056208,19896,200
96,8.5935,19896,200
16,15.718792,19846,200
36,13.811375,19896,200
56,7.572958,19896,200
76,11.249583,19896,200
96,13.613042,19896,200
16,15.529,19846,200
36,7.516083,19896,200
56,8.653333,19896,200
76,12.130375,19896,200
96,9.041333,19896,200
16,10.701208,19846,200
36,9.397542,19896,200
56,10.466625,19896,200
76,9.451792,19896,200
96,10.082959,19896,200
16,13.106542,19846,200
36,6.961959,19896,200
56,7.786084,19896,200
76,6.355375,19896,200
96,11.981584,19896,200
16,8.812125,19846,200
36,11.115166,19896,200
56,15.355292,19896,200
76,9.8145,19896,200
96,12.80425,19896,200
16,8.88,19846,200
36,9.006292,19896,200
56,8.760209,19896,200
76,8.88225,19896,200
96,10.02225,19896,200
17,15.114959,19846,200
37,10.502375,19896,200
57,17.72575,19896,200
77,11.588042,19896,200
97,7.764583,19896,200
17,8.387667,19846,200
37,9.314,19896,200
57,7.304583,19896,200
77,11.912,19896,200
97,10.147791,19896,200
17,7.368,19846,200
37,10.495042,19896,200
57,11.598458,19896,200
77,12.065208,19896,200
97,14.614875,19896,200
17,9.284333,19846,200
37,9.102417,19896,200
57,10.580167,19896,200
77,7.187333,19896,200
97,7.218792,19896,200
17,15.203458,19846,200
37,9.692917,19896,200
57,11.273083,19896,200
77,10.359917,19896,200
97,10.2375,19896,200
17,13.58075,19846,200
37,8.052459,19896,200
57,8.128875,19896,200
77,7.757292,19896,200
97,11.945667,19896,200
17,7.266208,19846,200
37,10.879458,19896,200
57,7.757458,19896,200
77,9.617875,19896,200
97,7.298292,19896,200
17,6.701125,19846,200
37,9.696083,19896,200
57,12.1475,19896,200
77,7.804958,19896,200
97,7.537292,19896,200
17,13.809333,19846,200
37,12.589375,19896,200
57,11.373458,19896,200
77,16.643791,19896,200
97,8.406167,19896,200
17,11.246625,19846,200
37,7.11325,19896,200
57,9.492542,19896,200
77,10.106084,19896,200
97,10.860584,19896,200
18,15.818042,19846,200
38,9.785875,19896,200
58,19.024041,19896,200
78,13.33625,19896,200
98,8.618292,19896,200
18,6.9085,19846,200
38,8.749041,19896,200
58,7.444209,19896,200
78,7.841208,19896,200
98,10.342084,19896,200
18,7.953583,19846,200
38,8.912084,19896,200
58,10.615375,19896,200
78,9.812625,19896,200
98,9.272209,19896,200
18,13.943125,19846,200
38,7.770666,19896,200
58,9.930875,19896,200
78,8.141916,19896,200
98,9.385584,19896,200
18,12.766791,19846,200
38,14.129125,19896,200
58,8.479875,19896,200
78,10.19,19896,200
98,9.86125,19896,200
18,8.456583,19846,200
38,15.727875,19896,200
58,9.28025,19896,200
78,6.729917,19896,200
98,14.13275,19896,200
18,7.595917,19846,200
38,13.145708,19896,200
58,8.189375,19896,200
78,10.166833,19896,200
98,10.258167,19896,200
18,9.262959,19846,200
38,11.952375,19896,200
58,9.161375,19896,200
78,8.408542,19896,200
98,12.826291,19896,200
18,13.12075,19846,200
38,10.4145,19896,200
58,15.182875,19896,200
78,11.754167,19896,200
98,9.797666,19896,200
18,8.689292,19846,200
38,8.931667,19896,200
58,10.621625,19896,200
78,7.940791,19896,200
98,9.637958,19896,200
19,11.104375,19846,200
39,12.373834,19896,200
59,18.899916,19896,200
79,12.942,19896,200
99,8.633625,19896,200
19,7.555083,19846,200
39,7.385375,19896,200
59,7.741917,19896,200
79,7.254083,19896,200
99,11.358083,19896,200
19,7.565,19846,200
39,8.433083,19896,200
59,12.035458,19896,200
79,9.515333,19896,200
99,11.802833,19896,200
19,11.186708,19846,200
39,7.170958,19896,200
59,7.149375,19896,200
79,6.062458,19896,200
99,7.4795,19896,200
19,8.810041,19846,200
39,14.113333,19896,200
59,11.987875,19896,200
79,8.542042,19896,200
99,10.652792,19896,200
19,8.982167,19846,200
39,7.754333,19896,200
59,16.209666,19896,200
79,9.486792,19896,200
99,8.759292,19896,200
19,11.593708,19846,200
39,6.684792,19896,200
59,11.567167,19896,200
79,8.784917,19896,200
99,9.151292,19896,200
19,8.244542,19846,200
39,7.288417,19896,200
59,9.17725,19896,200
79,12.614416,19896,200
99,8.04525,19896,200
19,7.46025,19846,200
39,13.997666,19896,200
59,12.210625,19896,200
79,10.59975,19896,200
99,15.223959,19896,200
19,14.545166,19846,200
39,11.116833,19896,200
59,9.594125,19896,200
79,11.005875,19896,200
99,7.880709,19896,200
20,10.94475,19847,200
40,11.818167,19896,200
60,18.40325,19896,200
80,13.291833,19896,200
100,8.537375,19947,200
20,7.424833,19847,200
40,8.871292,19896,200
60,9.918125,19896,200
80,10.962584,19896,200
100,9.909542,19947,200
20,6.661,19847,200
40,10.560625,19896,200
60,11.199958,19896,200
80,10.178459,19896,200
100,13.4325,19947,200
20,8.197625,19847,200
40,10.9135,19896,200
60,8.171459,19896,200
80,6.954041,19896,200
100,6.45375,19947,200
20,13.084083,19847,200
40,10.760542,19896,200
60,8.87825,19896,200
80,9.301708,19896,200
100,10.196625,19947,200
20,8.574208,19847,200
40,15.297875,19896,200
60,9.010917,19896,200
80,7.442667,19896,200
100,12.774583,19947,200
20,8.115917,19847,200
40,10.142291,19896,200
60,11.290875,19896,200
80,8.516333,19896,200
100,8.623208,19947,200
20,8.971042,19847,200
40,10.6015,19896,200
60,14.148792,19896,200
80,8.088167,19896,200
100,14.196708,19947,200
20,12.891375,19847,200
40,10.587833,19896,200
60,14.283416,19896,200
80,11.544833,19896,200
100,10.90375,19947,200
20,9.556375,19847,200
40,8.516,19896,200
60,9.805917,19896,200
80,7.995875,19896,200
100,10.951666,19947,200
